state,district,corrected_state,corrected_district
Andaman and Nicobar Islands,Nicobars,A & N Islands,Nicobars
Andaman and Nicobar Islands,North and middle andaman,A & N Islands,North And Middle Andaman
Andaman and Nicobar Islands,South andamans,A & N Islands,South Andamans
Andhra Pradesh,Alluri sitharama raju,Andhra Pradesh,Alluri Sitharama Raju
Andhra Pradesh,Anakapalli,Andhra Pradesh,Anakapalli
Andhra Pradesh,Anantapur,Andhra Pradesh,Anantapur
Andhra Pradesh,Annamayya,Andhra Pradesh,Annamayya
Andhra Pradesh,Bapatla,Andhra Pradesh,Bapatla
Andhra Pradesh,Chittoor,Andhra Pradesh,Chittoor
Andhra Pradesh,East godavari,Andhra Pradesh,East Godavari
Andhra Pradesh,Eluru,Andhra Pradesh,Eluru
Andhra Pradesh,Guntur,Andhra Pradesh,Guntur
Andhra Pradesh,Kadapa,Andhra Pradesh,Y.s.r.
Andhra Pradesh,Kakinada,Andhra Pradesh,Kakinada
Andhra Pradesh,Konaseema,Andhra Pradesh,Konaseema
Andhra Pradesh,Krishna,Andhra Pradesh,Krishna
Andhra Pradesh,Kurnool,Andhra Pradesh,Kurnool
Andhra Pradesh,Nandyal,Andhra Pradesh,Nandyal
Andhra Pradesh,Ntr,Andhra Pradesh,Ntr
Andhra Pradesh,Palnadu,Andhra Pradesh,Palnadu
Andhra Pradesh,Parvathipuram manyam,Andhra Pradesh,Parvathipuram Manyam
Andhra Pradesh,Prakasam,Andhra Pradesh,Prakasam
Andhra Pradesh,Spsr nellore,Andhra Pradesh,Spsr Nellore
Andhra Pradesh,Sri sathya sai,Andhra Pradesh,Sri Sathya Sai
Andhra Pradesh,Srikakulam,Andhra Pradesh,Srikakulam
Andhra Pradesh,Tirupati,Andhra Pradesh,Tirupati
Andhra Pradesh,Visakhapatanam,Andhra Pradesh,Visakhapatanam
Andhra Pradesh,Vizianagaram,Andhra Pradesh,Vizianagaram
Andhra Pradesh,West godavari,Andhra Pradesh,West Godavari
Arunachal Pradesh,Anjaw,Arunachal Pradesh,Anjaw
Arunachal Pradesh,Changlang,Arunachal Pradesh,Changlang
Arunachal Pradesh,Dibang valley,Arunachal Pradesh,Dibang Valley
Arunachal Pradesh,East kameng,Arunachal Pradesh,East Kameng
Arunachal Pradesh,East siang,Arunachal Pradesh,East Siang
Arunachal Pradesh,Kamle,Arunachal Pradesh,Kamle
Arunachal Pradesh,Kra daadi,Arunachal Pradesh,Kra Daadi
Arunachal Pradesh,Kurung kumey,Arunachal Pradesh,Kurung Kumey
Arunachal Pradesh,Leparada,Arunachal Pradesh,Leparada
Arunachal Pradesh,Lohit,Arunachal Pradesh,Lohit
Arunachal Pradesh,Longding,Arunachal Pradesh,Longding
Arunachal Pradesh,Lower dibang valley,Arunachal Pradesh,Lower Dibang Valley
Arunachal Pradesh,Lower siang,Arunachal Pradesh,Lower Siang
Arunachal Pradesh,Lower subansiri,Arunachal Pradesh,Lower Subansiri
Arunachal Pradesh,Namsai,Arunachal Pradesh,Namsai
Arunachal Pradesh,Pakke kessang,Arunachal Pradesh,Pakke Kessang
Arunachal Pradesh,Papum pare,Arunachal Pradesh,Papum Pare
Arunachal Pradesh,Shi yomi,Arunachal Pradesh,Shi Yomi
Arunachal Pradesh,Siang,Arunachal Pradesh,Siang
Arunachal Pradesh,Tawang,Arunachal Pradesh,Tawang
Arunachal Pradesh,Tirap,Arunachal Pradesh,Tirap
Arunachal Pradesh,Upper siang,Arunachal Pradesh,Upper Siang
Arunachal Pradesh,Upper subansiri,Arunachal Pradesh,Upper Subansiri
Arunachal Pradesh,West kameng,Arunachal Pradesh,West Kameng
Arunachal Pradesh,West siang,Arunachal Pradesh,West Siang
Assam,Baksa,Assam,Baksa
Assam,Barpeta,Assam,Barpeta
Assam,Biswanath,Assam,Biswanath
Assam,Bongaigaon,Assam,Bongaigaon
Assam,Cachar,Assam,Cachar
Assam,Charaideo,Assam,Charaideo
Assam,Chirang,Assam,Chirang
Assam,Darrang,Assam,Darrang
Assam,Dhemaji,Assam,Dhemaji
Assam,Dhubri,Assam,Dhubri
Assam,Dibrugarh,Assam,Dibrugarh
Assam,Dima hasao,Assam,Dima Hasao
Assam,Goalpara,Assam,Goalpara
Assam,Golaghat,Assam,Golaghat
Assam,Hailakandi,Assam,Hailakandi
Assam,Hojai,Assam,Hojai
Assam,Jorhat,Assam,Jorhat
Assam,Kamrup,Assam,Kamrup
Assam,Kamrup metro,Assam,Kamrup Metro
Assam,Karbi anglong,Assam,Karbi Anglong
Assam,Karimganj,Assam,Karimganj
Assam,Kokrajhar,Assam,Kokrajhar
Assam,Lakhimpur,Assam,Lakhimpur
Assam,Majuli,Assam,Majuli
Assam,Marigaon,Assam,Marigaon
Assam,Nagaon,Assam,Nagaon
Assam,Nalbari,Assam,Nalbari
Assam,Sivasagar,Assam,Sivasagar
Assam,Sonitpur,Assam,Sonitpur
Assam,South salmara mancachar,Assam,South Salmara Mancachar
Assam,Tinsukia,Assam,Tinsukia
Assam,Udalguri,Assam,Udalguri
Assam,West karbi anglong,Assam,West Karbi Anglong
Bihar,Araria,Bihar,Araria
Bihar,Arwal,Bihar,Arwal
Bihar,Aurangabad,Bihar,Aurangabad
Bihar,Banka,Bihar,Banka
Bihar,Begusarai,Bihar,Begusarai
Bihar,Bhagalpur,Bihar,Bhagalpur
Bihar,Bhojpur,Bihar,Bhojpur
Bihar,Buxar,Bihar,Buxar
Bihar,Darbhanga,Bihar,Darbhanga
Bihar,Gaya,Bihar,Gaya
Bihar,Gopalganj,Bihar,Gopalganj
Bihar,Jamui,Bihar,Jamui
Bihar,Jehanabad,Bihar,Jehanabad
Bihar,Kaimur (bhabua),Bihar,Kaimur (Bhabua)
Bihar,Katihar,Bihar,Katihar
Bihar,Khagaria,Bihar,Khagaria
Bihar,Kishanganj,Bihar,Kishanganj
Bihar,Lakhisarai,Bihar,Lakhisarai
Bihar,Madhepura,Bihar,Madhepura
Bihar,Madhubani,Bihar,Madhubani
Bihar,Munger,Bihar,Munger
Bihar,Muzaffarpur,Bihar,Muzaffarpur
Bihar,Nalanda,Bihar,Nalanda
Bihar,Nawada,Bihar,Nawada
Bihar,Pashchim champaran,Bihar,Pashchim Champaran
Bihar,Patna,Bihar,Patna
Bihar,Purbi champaran,Bihar,Purbi Champaran
Bihar,Purnia,Bihar,Purnia
Bihar,Rohtas,Bihar,Rohtas
Bihar,Saharsa,Bihar,Saharsa
Bihar,Samastipur,Bihar,Samastipur
Bihar,Saran,Bihar,Saran
Bihar,Sheikhpura,Bihar,Sheikhpura
Bihar,Sheohar,Bihar,Sheohar
Bihar,Sitamarhi,Bihar,Sitamarhi
Bihar,Siwan,Bihar,Siwan
Bihar,Supaul,Bihar,Supaul
Bihar,Vaishali,Bihar,Vaishali
Chandigarh,Chandigarh,Chandigarh,Chandigarh
Chhattisgarh,Balod,Chhattisgarh,Balod
Chhattisgarh,Baloda bazar,Chhattisgarh,Baloda Bazar
Chhattisgarh,Balrampur,Chhattisgarh,Balrampur
Chhattisgarh,Bastar,Chhattisgarh,Bastar
Chhattisgarh,Bemetara,Chhattisgarh,Bemetara
Chhattisgarh,Bijapur,Chhattisgarh,Bijapur
Chhattisgarh,Bilaspur,Chhattisgarh,Bilaspur
Chhattisgarh,Dantewada,Chhattisgarh,Dantewada
Chhattisgarh,Dhamtari,Chhattisgarh,Dhamtari
Chhattisgarh,Durg,Chhattisgarh,Durg
Chhattisgarh,Gariyaband,Chhattisgarh,Gariyaband
Chhattisgarh,Gaurella-pendra-marwahi,Chhattisgarh,Gaurella Pendra Marwahi
Chhattisgarh,Janjgir-champa,Chhattisgarh,Janjgir-Champa
Chhattisgarh,Jashpur,Chhattisgarh,Jashpur
Chhattisgarh,Kabirdham,Chhattisgarh,Kabirdham
Chhattisgarh,Kanker,Chhattisgarh,Kanker
Chhattisgarh,Khairgarh chhuikhadan gandai,Chhattisgarh,Khairgarh Chhuikhadan Gandai
Chhattisgarh,Kondagaon,Chhattisgarh,Kondagaon
Chhattisgarh,Korba,Chhattisgarh,Korba
Chhattisgarh,Korea,Chhattisgarh,Korea
Chhattisgarh,Mahasamund,Chhattisgarh,Mahasamund
Chhattisgarh,Manendragarh chirimiri bharatpur,Chhattisgarh,Manendragarh Chirimiri Bharatpur
Chhattisgarh,Mohla manpur ambagarh chouki,Chhattisgarh,Mohla Manpur Ambagarh Chouki
Chhattisgarh,Mungeli,Chhattisgarh,Mungeli
Chhattisgarh,Narayanpur,Chhattisgarh,Narayanpur
Chhattisgarh,Raigarh,Chhattisgarh,Raigarh
Chhattisgarh,Raipur,Chhattisgarh,Raipur
Chhattisgarh,Rajnandgaon,Chhattisgarh,Rajnandgaon
Chhattisgarh,Sakti,Chhattisgarh,Sakti
Chhattisgarh,Sarangarh bilaigarh,Chhattisgarh,Sarangarh Bilaigarh
Chhattisgarh,Sukma,Chhattisgarh,Sukma
Chhattisgarh,Surajpur,Chhattisgarh,Surajpur
Chhattisgarh,Surguja,Chhattisgarh,Surguja
Dadra and Nagar Haveli,Dadra and Nagar Haveli,DNHDD,Dadra And Nagar Haveli
Daman and Diu,Daman,DNHDD,Daman
Daman and Diu,Diu,DNHDD,Diu
Delhi,Delhi_total,Delhi,Central
Goa,North goa,Goa,North Goa
Goa,South goa,Goa,South Goa
Gujarat,Ahmadabad,Gujarat,Ahmadabad
Gujarat,Amreli,Gujarat,Amreli
Gujarat,Anand,Gujarat,Anand
Gujarat,Aravalli,Gujarat,Arvalli
Gujarat,Banas kantha,Gujarat,Banas Kantha
Gujarat,Bharuch,Gujarat,Bharuch
Gujarat,Bhavnagar,Gujarat,Bhavnagar
Gujarat,Botad,Gujarat,Botad
Gujarat,Chhotaudepur,Gujarat,Chhotaudepur
Gujarat,Dang,Gujarat,Dang
Gujarat,Devbhumi dwarka,Gujarat,Devbhumi Dwarka
Gujarat,Dohad,Gujarat,Dohad
Gujarat,Gandhinagar,Gujarat,Gandhinagar
Gujarat,Gir somnath,Gujarat,Gir Somnath
Gujarat,Jamnagar,Gujarat,Jamnagar
Gujarat,Junagadh,Gujarat,Junagadh
Gujarat,Kachchh,Gujarat,Kachchh
Gujarat,Kheda,Gujarat,Kheda
Gujarat,Mahesana,Gujarat,Mahesana
Gujarat,Mahisagar,Gujarat,Mahisagar
Gujarat,Morbi,Gujarat,Morbi
Gujarat,Narmada,Gujarat,Narmada
Gujarat,Navsari,Gujarat,Navsari
Gujarat,Panch mahals,Gujarat,Panch Mahals
Gujarat,Patan,Gujarat,Patan
Gujarat,Porbandar,Gujarat,Porbandar
Gujarat,Rajkot,Gujarat,Rajkot
Gujarat,Sabar kantha,Gujarat,Sabar Kantha
Gujarat,Surat,Gujarat,Surat
Gujarat,Surendranagar,Gujarat,Surendranagar
Gujarat,Tapi,Gujarat,Tapi
Gujarat,Vadodara,Gujarat,Vadodara
Gujarat,Valsad,Gujarat,Valsad
Haryana,Ambala,Haryana,Ambala
Haryana,Bhiwani,Haryana,Bhiwani
Haryana,Charki dadri,Haryana,Charki Dadri
Haryana,Faridabad,Haryana,Faridabad
Haryana,Fatehabad,Haryana,Fatehabad
Haryana,Gurgaon,Haryana,Gurugram
Haryana,Hisar,Haryana,Hisar
Haryana,Jhajjar,Haryana,Jhajjar
Haryana,Jind,Haryana,Jind
Haryana,Kaithal,Haryana,Kaithal
Haryana,Karnal,Haryana,Karnal
Haryana,Kurukshetra,Haryana,Kurukshetra
Haryana,Mahendragarh,Haryana,Mahendragarh
Haryana,Mewat,Haryana,Nuh
Haryana,Palwal,Haryana,Palwal
Haryana,Panchkula,Haryana,Panchkula
Haryana,Panipat,Haryana,Panipat
Haryana,Rewari,Haryana,Rewari
Haryana,Rohtak,Haryana,Rohtak
Haryana,Sirsa,Haryana,Sirsa
Haryana,Sonipat,Haryana,Sonipat
Haryana,Yamunanagar,Haryana,Yamunanagar
Himachal Pradesh,Bilaspur,Himachal Pradesh,Bilaspur
Himachal Pradesh,Chamba,Himachal Pradesh,Chamba
Himachal Pradesh,Hamirpur,Himachal Pradesh,Hamirpur
Himachal Pradesh,Kangra,Himachal Pradesh,Kangra
Himachal Pradesh,Kinnaur,Himachal Pradesh,Kinnaur
Himachal Pradesh,Kullu,Himachal Pradesh,Kullu
Himachal Pradesh,Lahul and spiti,Himachal Pradesh,Lahul And Spiti
Himachal Pradesh,Mandi,Himachal Pradesh,Mandi
Himachal Pradesh,Shimla,Himachal Pradesh,Shimla
Himachal Pradesh,Sirmaur,Himachal Pradesh,Sirmaur
Himachal Pradesh,Solan,Himachal Pradesh,Solan
Himachal Pradesh,Una,Himachal Pradesh,Una
Jammu and Kashmir,Anantnag,Jammu & Kashmir,Anantnag
Jammu and Kashmir,Badgam,Jammu & Kashmir,Budgam
Jammu and Kashmir,Bandipora,Jammu & Kashmir,Bandipora
Jammu and Kashmir,Baramulla,Jammu & Kashmir,Baramulla
Jammu and Kashmir,Doda,Jammu & Kashmir,Doda
Jammu and Kashmir,Ganderbal,Jammu & Kashmir,Ganderbal
Jammu and Kashmir,Jammu,Jammu & Kashmir,Jammu
Jammu and Kashmir,Kargil,Ladakh,Kargil
Jammu and Kashmir,Kathua,Jammu & Kashmir,Kathua
Jammu and Kashmir,Kishtwar,Jammu & Kashmir,Kishtwar
Jammu and Kashmir,Kulgam,Jammu & Kashmir,Kulgam
Jammu and Kashmir,Kupwara,Jammu & Kashmir,Kupwara
Jammu and Kashmir,Leh ladakh,Ladakh,Leh Ladakh
Jammu and Kashmir,Poonch,Jammu & Kashmir,Poonch
Jammu and Kashmir,Pulwama,Jammu & Kashmir,Pulwama
Jammu and Kashmir,Rajauri,Jammu & Kashmir,Rajouri
Jammu and Kashmir,Ramban,Jammu & Kashmir,Ramban
Jammu and Kashmir,Reasi,Jammu & Kashmir,Reasi
Jammu and Kashmir,Samba,Jammu & Kashmir,Samba
Jammu and Kashmir,Shopian,Jammu & Kashmir,Shopian
Jammu and Kashmir,Srinagar,Jammu & Kashmir,Srinagar
Jammu and Kashmir,Udhampur,Jammu & Kashmir,Udhampur
Jharkhand,Bokaro,Jharkhand,Bokaro
Jharkhand,Chatra,Jharkhand,Chatra
Jharkhand,Deoghar,Jharkhand,Deoghar
Jharkhand,Dhanbad,Jharkhand,Dhanbad
Jharkhand,Dumka,Jharkhand,Dumka
Jharkhand,East singhbum,Jharkhand,East Singhbum
Jharkhand,Garhwa,Jharkhand,Garhwa
Jharkhand,Giridih,Jharkhand,Giridih
Jharkhand,Godda,Jharkhand,Godda
Jharkhand,Gumla,Jharkhand,Gumla
Jharkhand,Hazaribagh,Jharkhand,Hazaribagh
Jharkhand,Jamtara,Jharkhand,Jamtara
Jharkhand,Khunti,Jharkhand,Khunti
Jharkhand,Koderma,Jharkhand,Koderma
Jharkhand,Latehar,Jharkhand,Latehar
Jharkhand,Lohardaga,Jharkhand,Lohardaga
Jharkhand,Pakur,Jharkhand,Pakur
Jharkhand,Palamu,Jharkhand,Palamu
Jharkhand,Ramgarh,Jharkhand,Ramgarh
Jharkhand,Ranchi,Jharkhand,Ranchi
Jharkhand,Sahebganj,Jharkhand,Sahebganj
Jharkhand,Saraikela kharsawan,Jharkhand,Saraikela Kharsawan
Jharkhand,Simdega,Jharkhand,Simdega
Jharkhand,West singhbhum,Jharkhand,West Singhbhum
Karnataka,Bagalkot,Karnataka,Bagalkote
Karnataka,Bangalore rural,Karnataka,Bengaluru Rural
Karnataka,Belgaum,Karnataka,Belagavi
Karnataka,Bellary,Karnataka,Ballari
Karnataka,Bengaluru urban,Karnataka,Bengaluru Urban
Karnataka,Bidar,Karnataka,Bidar
Karnataka,Bijapur,Karnataka,Vijayapura
Karnataka,Chamarajanagar,Karnataka,Chamarajanagara
Karnataka,Chikballapur,Karnataka,Chikkaballapura
Karnataka,Chikmagalur,Karnataka,Chikkamagaluru
Karnataka,Chitradurga,Karnataka,Chitradurga
Karnataka,Dakshin kannad,Karnataka,Dakshina Kannada
Karnataka,Davangere,Karnataka,Davangere
Karnataka,Dharwad,Karnataka,Dharwad
Karnataka,Gadag,Karnataka,Gadag
Karnataka,Gulbarga,Karnataka,Kalaburagi
Karnataka,Hassan,Karnataka,Hassan
Karnataka,Haveri,Karnataka,Haveri
Karnataka,Kodagu,Karnataka,Kodagu
Karnataka,Kolar,Karnataka,Kolar
Karnataka,Koppal,Karnataka,Koppal
Karnataka,Mandya,Karnataka,Mandya
Karnataka,Mysore,Karnataka,Mysuru
Karnataka,Raichur,Karnataka,Raichur
Karnataka,Ramanagara,Karnataka,Ramanagara
Karnataka,Shimoga,Karnataka,Shivamogga
Karnataka,Tumkur,Karnataka,Tumakuru
Karnataka,Udupi,Karnataka,Udupi
Karnataka,Uttar kannad,Karnataka,Uttara Kannada
Karnataka,Vijayanagar,Karnataka,Vijayanagar
Karnataka,Yadgir,Karnataka,Yadgir
Kerala,Alappuzha,Kerala,Alappuzha
Kerala,Ernakulam,Kerala,Ernakulam
Kerala,Idukki,Kerala,Idukki
Kerala,Kannur,Kerala,Kannur
Kerala,Kasaragod,Kerala,Kasaragod
Kerala,Kollam,Kerala,Kollam
Kerala,Kottayam,Kerala,Kottayam
Kerala,Kozhikode,Kerala,Kozhikode
Kerala,Malappuram,Kerala,Malappuram
Kerala,Palakkad,Kerala,Palakkad
Kerala,Pathanamthitta,Kerala,Pathanamthitta
Kerala,Thiruvananthapuram,Kerala,Thiruvananthapuram
Kerala,Thrissur,Kerala,Thrissur
Kerala,Wayanad,Kerala,Wayanad
Ladakh,Kargil,Ladakh,Kargil
Ladakh,Leh ladakh,Ladakh,Leh Ladakh
Madhya Pradesh,Agar malwa,Madhya Pradesh,Agar Malwa
Madhya Pradesh,Alirajpur,Madhya Pradesh,Alirajpur
Madhya Pradesh,Anuppur,Madhya Pradesh,Anuppur
Madhya Pradesh,Ashoknagar,Madhya Pradesh,Ashoknagar
Madhya Pradesh,Balaghat,Madhya Pradesh,Balaghat
Madhya Pradesh,Barwani,Madhya Pradesh,Barwani
Madhya Pradesh,Betul,Madhya Pradesh,Betul
Madhya Pradesh,Bhind,Madhya Pradesh,Bhind
Madhya Pradesh,Bhopal,Madhya Pradesh,Bhopal
Madhya Pradesh,Burhanpur,Madhya Pradesh,Burhanpur
Madhya Pradesh,Chhatarpur,Madhya Pradesh,Chhatarpur
Madhya Pradesh,Chhindwara,Madhya Pradesh,Chhindwara
Madhya Pradesh,Damoh,Madhya Pradesh,Damoh
Madhya Pradesh,Datia,Madhya Pradesh,Datia
Madhya Pradesh,Dewas,Madhya Pradesh,Dewas
Madhya Pradesh,Dhar,Madhya Pradesh,Dhar
Madhya Pradesh,Dindori,Madhya Pradesh,Dindori
Madhya Pradesh,Guna,Madhya Pradesh,Guna
Madhya Pradesh,Gwalior,Madhya Pradesh,Gwalior
Madhya Pradesh,Harda,Madhya Pradesh,Harda
Madhya Pradesh,Hoshangabad,Madhya Pradesh,Narmadapuram
Madhya Pradesh,Indore,Madhya Pradesh,Indore
Madhya Pradesh,Jabalpur,Madhya Pradesh,Jabalpur
Madhya Pradesh,Jhabua,Madhya Pradesh,Jhabua
Madhya Pradesh,Katni,Madhya Pradesh,Katni
Madhya Pradesh,Khandwa,Madhya Pradesh,East Nimar
Madhya Pradesh,Khargone,Madhya Pradesh,Khargone
Madhya Pradesh,Mandla,Madhya Pradesh,Mandla
Madhya Pradesh,Mandsaur,Madhya Pradesh,Mandsaur
Madhya Pradesh,Morena,Madhya Pradesh,Morena
Madhya Pradesh,Narsinghpur,Madhya Pradesh,Narsinghpur
Madhya Pradesh,Neemuch,Madhya Pradesh,Neemuch
Madhya Pradesh,Niwari,Madhya Pradesh,Niwari
Madhya Pradesh,Panna,Madhya Pradesh,Panna
Madhya Pradesh,Raisen,Madhya Pradesh,Raisen
Madhya Pradesh,Rajgarh,Madhya Pradesh,Rajgarh
Madhya Pradesh,Ratlam,Madhya Pradesh,Ratlam
Madhya Pradesh,Rewa,Madhya Pradesh,Rewa
Madhya Pradesh,Sagar,Madhya Pradesh,Sagar
Madhya Pradesh,Satna,Madhya Pradesh,Satna
Madhya Pradesh,Sehore,Madhya Pradesh,Sehore
Madhya Pradesh,Seoni,Madhya Pradesh,Seoni
Madhya Pradesh,Shahdol,Madhya Pradesh,Shahdol
Madhya Pradesh,Shajapur,Madhya Pradesh,Shajapur
Madhya Pradesh,Sheopur,Madhya Pradesh,Sheopur
Madhya Pradesh,Shivpuri,Madhya Pradesh,Shivpuri
Madhya Pradesh,Sidhi,Madhya Pradesh,Sidhi
Madhya Pradesh,Singrauli,Madhya Pradesh,Singrauli
Madhya Pradesh,Tikamgarh,Madhya Pradesh,Tikamgarh
Madhya Pradesh,Ujjain,Madhya Pradesh,Ujjain
Madhya Pradesh,Umaria,Madhya Pradesh,Umaria
Madhya Pradesh,Vidisha,Madhya Pradesh,Vidisha
Maharashtra,Ahilyanagar,Maharashtra,Ahmednagar
Maharashtra,Akola,Maharashtra,Akola
Maharashtra,Amravati,Maharashtra,Amravati
Maharashtra,Beed,Maharashtra,Beed
Maharashtra,Bhandara,Maharashtra,Bhandara
Maharashtra,Buldhana,Maharashtra,Buldhana
Maharashtra,Chandrapur,Maharashtra,Chandrapur
Maharashtra,Chhatrapati Sambhajinagar,Maharashtra,Aurangabad
Maharashtra,Dharashiv,Maharashtra,Osmanabad
Maharashtra,Dhule,Maharashtra,Dhule
Maharashtra,Gadchiroli,Maharashtra,Gadchiroli
Maharashtra,Gondia,Maharashtra,Gondia
Maharashtra,Hingoli,Maharashtra,Hingoli
Maharashtra,Jalgaon,Maharashtra,Jalgaon
Maharashtra,Jalna,Maharashtra,Jalna
Maharashtra,Kolhapur,Maharashtra,Kolhapur
Maharashtra,Latur,Maharashtra,Latur
Maharashtra,Mumbai suburban,Maharashtra,Mumbai Suburban
Maharashtra,Nagpur,Maharashtra,Nagpur
Maharashtra,Nanded,Maharashtra,Nanded
Maharashtra,Nandurbar,Maharashtra,Nandurbar
Maharashtra,Nashik,Maharashtra,Nashik
Maharashtra,Palghar,Maharashtra,Palghar
Maharashtra,Parbhani,Maharashtra,Parbhani
Maharashtra,Pune,Maharashtra,Pune
Maharashtra,Raigad,Maharashtra,Raigad
Maharashtra,Ratnagiri,Maharashtra,Ratnagiri
Maharashtra,Sangli,Maharashtra,Sangli
Maharashtra,Satara,Maharashtra,Satara
Maharashtra,Sindhudurg,Maharashtra,Sindhudurg
Maharashtra,Solapur,Maharashtra,Solapur
Maharashtra,Thane,Maharashtra,Thane
Maharashtra,Wardha,Maharashtra,Wardha
Maharashtra,Washim,Maharashtra,Washim
Maharashtra,Yavatmal,Maharashtra,Yavatmal
Manipur,Bishnupur,Manipur,Bishnupur
Manipur,Chandel,Manipur,Chandel
Manipur,Churachandpur,Manipur,Churachandpur
Manipur,Imphal east,Manipur,Imphal East
Manipur,Imphal west,Manipur,Imphal West
Manipur,Senapati,Manipur,Senapati
Manipur,Tamenglong,Manipur,Tamenglong
Manipur,Thoubal,Manipur,Thoubal
Manipur,Ukhrul,Manipur,Ukhrul
Meghalaya,East garo hills,Meghalaya,East Garo Hills
Meghalaya,East jaintia hills,Meghalaya,East Jaintia Hills
Meghalaya,East khasi hills,Meghalaya,East Khasi Hills
Meghalaya,North garo hills,Meghalaya,North Garo Hills
Meghalaya,Ri bhoi,Meghalaya,Ri Bhoi
Meghalaya,South garo hills,Meghalaya,South Garo Hills
Meghalaya,South west garo hills,Meghalaya,South West Garo Hills
Meghalaya,South west khasi hills,Meghalaya,South West Khasi Hills
Meghalaya,West garo hills,Meghalaya,West Garo Hills
Meghalaya,West jaintia hills,Meghalaya,West Jaintia Hills
Meghalaya,West khasi hills,Meghalaya,West Khasi Hills
Mizoram,Aizawl,Mizoram,Aizawl
Mizoram,Champhai,Mizoram,Champhai
Mizoram,Hnahthial,Mizoram,Hnahthial
Mizoram,Khawzawl,Mizoram,Khawzawl
Mizoram,Kolasib,Mizoram,Kolasib
Mizoram,Lawngtlai,Mizoram,Lawngtlai
Mizoram,Lunglei,Mizoram,Lunglei
Mizoram,Mamit,Mizoram,Mamit
Mizoram,Saiha,Mizoram,Saiha
Mizoram,Saitual,Mizoram,Saitual
Mizoram,Serchhip,Mizoram,Serchhip
Nagaland,Chumoukedima,Nagaland,Chumoukedima
Nagaland,Dimapur,Nagaland,Dimapur
Nagaland,Kiphire,Nagaland,Kiphire
Nagaland,Kohima,Nagaland,Kohima
Nagaland,Longleng,Nagaland,Longleng
Nagaland,Mokokchung,Nagaland,Mokokchung
Nagaland,Mon,Nagaland,Mon
Nagaland,Noklak,Nagaland,Noklak
Nagaland,Nuiland,Nagaland,Niuland
Nagaland,Peren,Nagaland,Peren
Nagaland,Phek,Nagaland,Phek
Nagaland,Shamator,Nagaland,Shamator
Nagaland,Tseminyu,Nagaland,Tseminyu
Nagaland,Tuensang,Nagaland,Tuensang
Nagaland,Wokha,Nagaland,Wokha
Nagaland,Zunheboto,Nagaland,Zunheboto
Odisha,Anugul,Odisha,Anugul
Odisha,Balangir,Odisha,Balangir
Odisha,Baleshwar,Odisha,Baleshwar
Odisha,Bargarh,Odisha,Bargarh
Odisha,Bhadrak,Odisha,Bhadrak
Odisha,Boudh,Odisha,Boudh
Odisha,Cuttack,Odisha,Cuttack
Odisha,Deogarh,Odisha,Deogarh
Odisha,Dhenkanal,Odisha,Dhenkanal
Odisha,Gajapati,Odisha,Gajapati
Odisha,Ganjam,Odisha,Ganjam
Odisha,Jagatsinghapur,Odisha,Jagatsinghapur
Odisha,Jajapur,Odisha,Jajapur
Odisha,Jharsuguda,Odisha,Jharsuguda
Odisha,Kalahandi,Odisha,Kalahandi
Odisha,Kandhamal,Odisha,Kandhamal
Odisha,Kendrapara,Odisha,Kendrapara
Odisha,Kendujhar,Odisha,Kendujhar
Odisha,Khordha,Odisha,Khordha
Odisha,Koraput,Odisha,Koraput
Odisha,Malkangiri,Odisha,Malkangiri
Odisha,Mayurbhanj,Odisha,Mayurbhanj
Odisha,Nabarangpur,Odisha,Nabarangpur
Odisha,Nayagarh,Odisha,Nayagarh
Odisha,Nuapada,Odisha,Nuapada
Odisha,Puri,Odisha,Puri
Odisha,Rayagada,Odisha,Rayagada
Odisha,Sambalpur,Odisha,Sambalpur
Odisha,Sonepur,Odisha,Sonepur
Odisha,Sundargarh,Odisha,Sundargarh
Puducherry,Karaikal,Puducherry,Karaikal
Puducherry,Mahe,Puducherry,Mahe
Puducherry,Pondicherry,Puducherry,Pondicherry
Puducherry,Yanam,Puducherry,Yanam
Punjab,Amritsar,Punjab,Amritsar
Punjab,Barnala,Punjab,Barnala
Punjab,Bathinda,Punjab,Bathinda
Punjab,Faridkot,Punjab,Faridkot
Punjab,Fatehgarh sahib,Punjab,Fatehgarh Sahib
Punjab,Fazilka,Punjab,Fazilka
Punjab,Firozepur,Punjab,Ferozepur
Punjab,Gurdaspur,Punjab,Gurdaspur
Punjab,Hoshiarpur,Punjab,Hoshiarpur
Punjab,Jalandhar,Punjab,Jalandhar
Punjab,Kapurthala,Punjab,Kapurthala
Punjab,Ludhiana,Punjab,Ludhiana
Punjab,Malerkotla,Punjab,Malerkotla
Punjab,Mansa,Punjab,Mansa
Punjab,Moga,Punjab,Moga
Punjab,Muktsar,Punjab,Sri Muktsar Sahib
Punjab,Nawanshahr,Punjab,Shahid Bhagat Singh Nagar
Punjab,Pathankot,Punjab,Pathankot
Punjab,Patiala,Punjab,Patiala
Punjab,Rupnagar,Punjab,Rupnagar
Punjab,S.a.s nagar,Punjab,S.a.s Nagar
Punjab,Sangrur,Punjab,Sangrur
Punjab,Tarn taran,Punjab,Tarn Taran
Rajasthan,Ajmer,Rajasthan,Ajmer
Rajasthan,Alwar,Rajasthan,Alwar
Rajasthan,Banswara,Rajasthan,Banswara
Rajasthan,Baran,Rajasthan,Baran
Rajasthan,Barmer,Rajasthan,Barmer
Rajasthan,Bharatpur,Rajasthan,Bharatpur
Rajasthan,Bhilwara,Rajasthan,Bhilwara
Rajasthan,Bikaner,Rajasthan,Bikaner
Rajasthan,Bundi,Rajasthan,Bundi
Rajasthan,Chittorgarh,Rajasthan,Chittorgarh
Rajasthan,Churu,Rajasthan,Churu
Rajasthan,Dausa,Rajasthan,Dausa
Rajasthan,Dholpur,Rajasthan,Dholpur
Rajasthan,Dungarpur,Rajasthan,Dungarpur
Rajasthan,Ganganagar,Rajasthan,Ganganagar
Rajasthan,Hanumangarh,Rajasthan,Hanumangarh
Rajasthan,Jaipur,Rajasthan,Jaipur
Rajasthan,Jaisalmer,Rajasthan,Jaisalmer
Rajasthan,Jalore,Rajasthan,Jalore
Rajasthan,Jhalawar,Rajasthan,Jhalawar
Rajasthan,Jhunjhunu,Rajasthan,Jhunjhunu
Rajasthan,Jodhpur,Rajasthan,Jodhpur
Rajasthan,Karauli,Rajasthan,Karauli
Rajasthan,Kota,Rajasthan,Kota
Rajasthan,Nagaur,Rajasthan,Nagaur
Rajasthan,Pali,Rajasthan,Pali
Rajasthan,Pratapgarh,Rajasthan,Pratapgarh
Rajasthan,Rajsamand,Rajasthan,Rajsamand
Rajasthan,Sawai madhopur,Rajasthan,Sawai Madhopur
Rajasthan,Sikar,Rajasthan,Sikar
Rajasthan,Sirohi,Rajasthan,Sirohi
Rajasthan,Tonk,Rajasthan,Tonk
Rajasthan,Udaipur,Rajasthan,Udaipur
Sikkim,Gangtok,Sikkim,Gangtok
Sikkim,Geyzing,Sikkim,Gyalshing
Sikkim,Mangan,Sikkim,Mangan
Sikkim,Namchi,Sikkim,Namchi
Sikkim,Pakyong,Sikkim,Pakyong
Sikkim,Soreng,Sikkim,Soreng
Tamil Nadu,Ariyalur,Tamil Nadu,Ariyalur
Tamil Nadu,Chengalpattu,Tamil Nadu,Chengalpattu
Tamil Nadu,Chennai,Tamil Nadu,Chennai
Tamil Nadu,Coimbatore,Tamil Nadu,Coimbatore
Tamil Nadu,Cuddalore,Tamil Nadu,Cuddalore
Tamil Nadu,Dharmapuri,Tamil Nadu,Dharmapuri
Tamil Nadu,Dindigul,Tamil Nadu,Dindigul
Tamil Nadu,Erode,Tamil Nadu,Erode
Tamil Nadu,Kallakurichi,Tamil Nadu,Kallakurichi
Tamil Nadu,Kanchipuram,Tamil Nadu,Kanchipuram
Tamil Nadu,Kanniyakumari,Tamil Nadu,Kanniyakumari
Tamil Nadu,Karur,Tamil Nadu,Karur
Tamil Nadu,Krishnagiri,Tamil Nadu,Krishnagiri
Tamil Nadu,Madurai,Tamil Nadu,Madurai
Tamil Nadu,Mayiladuthurai,Tamil Nadu,Mayiladuthurai
Tamil Nadu,Nagapattinam,Tamil Nadu,Nagapattinam
Tamil Nadu,Namakkal,Tamil Nadu,Namakkal
Tamil Nadu,Perambalur,Tamil Nadu,Perambalur
Tamil Nadu,Pudukkottai,Tamil Nadu,Pudukkottai
Tamil Nadu,Ramanathapuram,Tamil Nadu,Ramanathapuram
Tamil Nadu,Ranipet,Tamil Nadu,Ranipet
Tamil Nadu,Salem,Tamil Nadu,Salem
Tamil Nadu,Sivaganga,Tamil Nadu,Sivaganga
Tamil Nadu,Thanjavur,Tamil Nadu,Thanjavur
Tamil Nadu,The nilgiris,Tamil Nadu,The Nilgiris
Tamil Nadu,Theni,Tamil Nadu,Theni
Tamil Nadu,Thenkasi,Tamil Nadu,Tenkasi
Tamil Nadu,Thiruvallur,Tamil Nadu,Thiruvallur
Tamil Nadu,Thiruvarur,Tamil Nadu,Thiruvarur
Tamil Nadu,Thoothukudi,Tamil Nadu,Tuticorin
Tamil Nadu,Tiruchirappalli,Tamil Nadu,Tiruchirappalli
Tamil Nadu,Tirunelveli,Tamil Nadu,Tirunelveli
Tamil Nadu,Tirupathur,Tamil Nadu,Tirupathur
Tamil Nadu,Tiruppur,Tamil Nadu,Tiruppur
Tamil Nadu,Tiruvannamalai,Tamil Nadu,Tiruvannamalai
Tamil Nadu,Vellore,Tamil Nadu,Vellore
Tamil Nadu,Villupuram,Tamil Nadu,Villupuram
Tamil Nadu,Virudhunagar,Tamil Nadu,Virudhunagar
Telangana,Adilabad,Telangana,Adilabad
Telangana,Bhadradri,Telangana,Bhadradri Kothagudem
Telangana,Hyderabad,Telangana,Hyderabad
Telangana,Jagitial,Telangana,Jagitial
Telangana,Jangoan,Telangana,Jangoan
Telangana,Jayashankar,Telangana,Jayashankar Bhupalapally
Telangana,Jogulamba,Telangana,Jogulamba Gadwal
Telangana,Kamareddy,Telangana,Kamareddy
Telangana,Karimnagar,Telangana,Karimnagar
Telangana,Khammam,Telangana,Khammam
Telangana,Komaram bheem asifabad,Telangana,Kumuram Bheem Asifabad
Telangana,Mahabubabad,Telangana,Mahabubabad
Telangana,Mahbubnagar,Telangana,Mahabubnagar
Telangana,Mancherial,Telangana,Mancherial
Telangana,Medak,Telangana,Medak
Telangana,Medchal,Telangana,Medchal Malkajgiri
Telangana,Mulugu,Telangana,Mulugu
Telangana,Nagarkurnool,Telangana,Nagarkurnool
Telangana,Nalgonda,Telangana,Nalgonda
Telangana,Narayanapet,Telangana,Narayanpet
Telangana,Nirmal,Telangana,Nirmal
Telangana,Nizamabad,Telangana,Nizamabad
Telangana,Peddapalli,Telangana,Peddapalli
Telangana,Rajanna,Telangana,Rajanna Sircilla
Telangana,Rangareddi,Telangana,Ranga Reddy
Telangana,Sangareddy,Telangana,Sangareddy
Telangana,Siddipet,Telangana,Siddipet
Telangana,Suryapet,Telangana,Suryapet
Telangana,Vikarabad,Telangana,Vikarabad
Telangana,Wanaparthy,Telangana,Wanaparthy
Telangana,Warangal,Telangana,Warangal
Telangana,Warangal urban,Telangana,Warangal
Telangana,Yadadri,Telangana,Yadadri Bhuvanagiri
Tripura,Dhalai,Tripura,Dhalai
Tripura,Gomati,Tripura,Gomati
Tripura,Khowai,Tripura,Khowai
Tripura,North tripura,Tripura,North Tripura
Tripura,Sepahijala,Tripura,Sepahijala
Tripura,South tripura,Tripura,South Tripura
Tripura,Unakoti,Tripura,Unakoti
Tripura,West tripura,Tripura,West Tripura
Uttar Pradesh,Agra,Uttar Pradesh,Agra
Uttar Pradesh,Aligarh,Uttar Pradesh,Aligarh
Uttar Pradesh,Allahabad,Uttar Pradesh,Prayagraj
Uttar Pradesh,Ambedkar nagar,Uttar Pradesh,Ambedkar Nagar
Uttar Pradesh,Amethi,Uttar Pradesh,Amethi
Uttar Pradesh,Amroha,Uttar Pradesh,Amroha
Uttar Pradesh,Auraiya,Uttar Pradesh,Auraiya
Uttar Pradesh,Azamgarh,Uttar Pradesh,Azamgarh
Uttar Pradesh,Baghpat,Uttar Pradesh,Baghpat
Uttar Pradesh,Bahraich,Uttar Pradesh,Bahraich
Uttar Pradesh,Ballia,Uttar Pradesh,Ballia
Uttar Pradesh,Balrampur,Uttar Pradesh,Balrampur
Uttar Pradesh,Banda,Uttar Pradesh,Banda
Uttar Pradesh,Barabanki,Uttar Pradesh,Barabanki
Uttar Pradesh,Bareilly,Uttar Pradesh,Bareilly
Uttar Pradesh,Basti,Uttar Pradesh,Basti
Uttar Pradesh,Bijnor,Uttar Pradesh,Bijnor
Uttar Pradesh,Budaun,Uttar Pradesh,Budaun
Uttar Pradesh,Bulandshahr,Uttar Pradesh,Bulandshahr
Uttar Pradesh,Chandauli,Uttar Pradesh,Chandauli
Uttar Pradesh,Chitrakoot,Uttar Pradesh,Chitrakoot
Uttar Pradesh,Deoria,Uttar Pradesh,Deoria
Uttar Pradesh,Etah,Uttar Pradesh,Etah
Uttar Pradesh,Etawah,Uttar Pradesh,Etawah
Uttar Pradesh,Faizabad,Uttar Pradesh,Ayodhya
Uttar Pradesh,Farrukhabad,Uttar Pradesh,Farrukhabad
Uttar Pradesh,Fatehpur,Uttar Pradesh,Fatehpur
Uttar Pradesh,Firozabad,Uttar Pradesh,Firozabad
Uttar Pradesh,Gautam buddha nagar,Uttar Pradesh,Gautam Buddha Nagar
Uttar Pradesh,Ghaziabad,Uttar Pradesh,Ghaziabad
Uttar Pradesh,Ghazipur,Uttar Pradesh,Ghazipur
Uttar Pradesh,Gonda,Uttar Pradesh,Gonda
Uttar Pradesh,Gorakhpur,Uttar Pradesh,Gorakhpur
Uttar Pradesh,Hamirpur,Uttar Pradesh,Hamirpur
Uttar Pradesh,Hapur,Uttar Pradesh,Hapur
Uttar Pradesh,Hardoi,Uttar Pradesh,Hardoi
Uttar Pradesh,Hathras,Uttar Pradesh,Hathras
Uttar Pradesh,Jalaun,Uttar Pradesh,Jalaun
Uttar Pradesh,Jaunpur,Uttar Pradesh,Jaunpur
Uttar Pradesh,Jhansi,Uttar Pradesh,Jhansi
Uttar Pradesh,Kannauj,Uttar Pradesh,Kannauj
Uttar Pradesh,Kanpur dehat,Uttar Pradesh,Kanpur Dehat
Uttar Pradesh,Kanpur nagar,Uttar Pradesh,Kanpur Nagar
Uttar Pradesh,Kasganj,Uttar Pradesh,Kasganj
Uttar Pradesh,Kaushambi,Uttar Pradesh,Kaushambi
Uttar Pradesh,Kheri,Uttar Pradesh,Kheri
Uttar Pradesh,Kushi nagar,Uttar Pradesh,Kushi Nagar
Uttar Pradesh,Lalitpur,Uttar Pradesh,Lalitpur
Uttar Pradesh,Lucknow,Uttar Pradesh,Lucknow
Uttar Pradesh,Maharajganj,Uttar Pradesh,Maharajganj
Uttar Pradesh,Mahoba,Uttar Pradesh,Mahoba
Uttar Pradesh,Mainpuri,Uttar Pradesh,Mainpuri
Uttar Pradesh,Mathura,Uttar Pradesh,Mathura
Uttar Pradesh,Mau,Uttar Pradesh,Mau
Uttar Pradesh,Meerut,Uttar Pradesh,Meerut
Uttar Pradesh,Mirzapur,Uttar Pradesh,Mirzapur
Uttar Pradesh,Moradabad,Uttar Pradesh,Moradabad
Uttar Pradesh,Muzaffarnagar,Uttar Pradesh,Muzaffarnagar
Uttar Pradesh,Pilibhit,Uttar Pradesh,Pilibhit
Uttar Pradesh,Pratapgarh,Uttar Pradesh,Pratapgarh
Uttar Pradesh,Rae bareli,Uttar Pradesh,Rae Bareli
Uttar Pradesh,Rampur,Uttar Pradesh,Rampur
Uttar Pradesh,Saharanpur,Uttar Pradesh,Saharanpur
Uttar Pradesh,Sambhal,Uttar Pradesh,Sambhal
Uttar Pradesh,Sant kabeer nagar,Uttar Pradesh,Sant Kabeer Nagar
Uttar Pradesh,Sant ravidas nagar,Uttar Pradesh,Bhadohi
Uttar Pradesh,Shahjahanpur,Uttar Pradesh,Shahjahanpur
Uttar Pradesh,Shamli,Uttar Pradesh,Shamli
Uttar Pradesh,Shravasti,Uttar Pradesh,Shravasti
Uttar Pradesh,Siddharth nagar,Uttar Pradesh,Siddharth Nagar
Uttar Pradesh,Sitapur,Uttar Pradesh,Sitapur
Uttar Pradesh,Sonbhadra,Uttar Pradesh,Sonbhadra
Uttar Pradesh,Sultanpur,Uttar Pradesh,Sultanpur
Uttar Pradesh,Unnao,Uttar Pradesh,Unnao
Uttar Pradesh,Varanasi,Uttar Pradesh,Varanasi
Uttarakhand,Almora,Uttarakhand,Almora
Uttarakhand,Bageshwar,Uttarakhand,Bageshwar
Uttarakhand,Chamoli,Uttarakhand,Chamoli
Uttarakhand,Champawat,Uttarakhand,Champawat
Uttarakhand,Dehradun,Uttarakhand,Dehradun
Uttarakhand,Haridwar,Uttarakhand,Haridwar
Uttarakhand,Nainital,Uttarakhand,Nainital
Uttarakhand,Pauri garhwal,Uttarakhand,Pauri Garhwal
Uttarakhand,Pithoragarh,Uttarakhand,Pithoragarh
Uttarakhand,Rudra prayag,Uttarakhand,Rudra Prayag
Uttarakhand,Tehri garhwal,Uttarakhand,Tehri Garhwal
Uttarakhand,Udam singh nagar,Uttarakhand,Udam Singh Nagar
Uttarakhand,Uttar kashi,Uttarakhand,Uttar Kashi
West Bengal,24 paraganas north,West Bengal,24 Paraganas North
West Bengal,24 paraganas south,West Bengal,24 Paraganas South
West Bengal,Alipurduar,West Bengal,Alipurduar
West Bengal,Bankura,West Bengal,Bankura
West Bengal,Birbhum,West Bengal,Birbhum
West Bengal,Coochbehar,West Bengal,Coochbehar
West Bengal,Darjeeling,West Bengal,Darjeeling
West Bengal,Dinajpur dakshin,West Bengal,Dinajpur Dakshin
West Bengal,Dinajpur uttar,West Bengal,Dinajpur Uttar
West Bengal,Hooghly,West Bengal,Hooghly
West Bengal,Howrah,West Bengal,Howrah
West Bengal,Jalpaiguri,West Bengal,Jalpaiguri
West Bengal,Jhargram,West Bengal,Jhargram
West Bengal,Kalimpong,West Bengal,Kalimpong
West Bengal,Maldah,West Bengal,Maldah
West Bengal,Medinipur east,West Bengal,Medinipur East
West Bengal,Medinipur west,West Bengal,Medinipur West
West Bengal,Murshidabad,West Bengal,Murshidabad
West Bengal,Nadia,West Bengal,Nadia
West Bengal,Paschim bardhaman,West Bengal,Paschim Bardhaman
West Bengal,Purba bardhaman,West Bengal,Purba Bardhaman
West Bengal,Purulia,West Bengal,Purulia
